title,url,status,tags,content
ALDI Supermarkets - Good Different - ALDI Australia,https://www.aldi.com.au/en/aldi-australia//,200,"['#main-nav', '#main-content', 'https://www.aldi.com.au/en/aldi-australia/', 'https://www.aldicareers.com.au', 'http://www.aldi.com/?aldiurl=true', 'https://corporate.aldi.com.au/', 'https://storelocator.aldi.com.au', 'https://www.aldi.com.au/en/newsletter-sign-up/', 'https://www.aldi.com.au/en/shopping-list.html', 'https://www.aldi.com.au/en/', 'https://www.aldi.com.au/en/aldi-australia/#main-nav', 'https://www.aldi.com.au/en/special-buys/#main-nav', 'https://www.aldi.com.au/en/special-buys/', 'https://www.aldi.com.au/en/special-buys/early-christmas-surprises/', 'https://www.aldi.com.au/en/special-buys/all-special-buys/#main-nav', 'https://www.aldi.com.au/en/special-buys/', 'https://www.aldi.com.au/en/special-buys/special-buys-wed-6-october/', 'https://www.aldi.com.au/en/special-buys/special-buys-wed-6-october/#c557346', 'https://www.aldi.com.au/en/special-buys/special-buys-wed-6-october/#c557748', 'https://www.aldi.com.au/en/special-buys/special-buys-wed-6-october/#c557757', 'https://www.aldi.com.au/en/special-buys/special-buys-sat-9-october/', 'https://www.aldi.com.au/en/special-buys/special-buys-sat-9-october/#c557766', 'https://www.aldi.com.au/en/special-buys/special-buys-sat-9-october/#c557575', 'https://www.aldi.com.au/en/special-buys/special-buys-wed-13-october/', 'https://www.aldi.com.au/en/special-buys/special-buys-wed-13-october/#c560845', 'https://www.aldi.com.au/en/special-buys/special-buys-wed-13-october/#c560851', 'https://www.aldi.com.au/en/special-buys/special-buys-wed-13-october/#c559946', 'https://www.aldi.com.au/en/special-buys/special-buys-wed-13-october/#c560335', 'https://www.aldi.com.au/en/special-buys/special-buys-wed-13-october/#c560341', 'https://www.aldi.com.au/en/special-buys/special-buys-sat-16-october/', 'https://www.aldi.com.au/en/special-buys/special-buys-sat-16-october/#c561113', 'https://www.aldi.com.au/en/special-buys/special-buys-sat-16-october/#c560351', 'https://www.aldi.com.au/en/special-buys/special-buys-liquor/', 'http://shop.aldi.com.au/', 'https://www.aldi.com.au/en/special-buys/special-buys-product-delays/', 'https://www.aldi.com.au/en/newsletter-sign-up/', 'http://www.stockcheck.aldi.com.au/', 'https://www.aldi.com.au/en/special-buys/online-catalogue/', 'https://www.aldi.com.au/en/groceries/#main-nav', 'https://www.aldi.com.au/en/groceries/', 'https://www.aldi.com.au/en/groceries/super-savers/', 'https://www.aldi.com.au/en/groceries/price-reductions/', 'https://www.aldi.com.au/en/groceries/new-to-aldi/', 'https://www.aldi.com.au/en/groceries/fresh-produce/#main-nav', 'https://www.aldi.com.au/en/groceries/fresh-produce/', 'https://www.aldi.com.au/en/groceries/fresh-produce/navel-oranges/#main-nav', 'https://www.aldi.com.au/en/groceries/fresh-produce/navel-oranges/', 'https://www.aldi.com.au/en/groceries/fresh-produce/imperial-mandarins/#main-nav', 'https://www.aldi.com.au/en/groceries/fresh-produce/imperial-mandarins/', 'https://www.aldi.com.au/en/groceries/fresh-produce/bananas/#main-nav', 'https://www.aldi.com.au/en/groceries/fresh-produce/bananas/', 'https://www.aldi.com.au/en/groceries/fresh-produce/carrots/#main-nav', 'https://www.aldi.com.au/en/groceries/fresh-produce/carrots/', 'https://www.aldi.com.au/en/groceries/fresh-produce/mangoes/#main-nav', 'https://www.aldi.com.au/en/groceries/fresh-produce/mangoes/', 'https://www.aldi.com.au/en/groceries/fresh-produce/apples/#main-nav', 'https://www.aldi.com.au/en/groceries/fresh-produce/apples/', 'https://www.aldi.com.au/en/groceries/fresh-produce/zucchini/#main-nav', 'https://www.aldi.com.au/en/groceries/fresh-produce/zucchini/', 'https://www.aldi.com.au/en/groceries/fresh-produce/kale/#main-nav', 'https://www.aldi.com.au/en/groceries/fresh-produce/kale/', 'https://www.aldi.com.au/en/groceries/fresh-produce/broccoli/#main-nav', 'https://www.aldi.com.au/en/groceries/fresh-produce/broccoli/', 'https://www.aldi.com.au/en/groceries/fresh-produce/potatoes/#main-nav', 'https://www.aldi.com.au/en/groceries/fresh-produce/potatoes/', 'https://www.aldi.com.au/en/groceries/fresh-produce/corn/#main-nav', 'https://www.aldi.com.au/en/groceries/fresh-produce/corn/', 'https://www.aldi.com.au/en/groceries/fresh-produce/fresh-lamb/#main-nav', 'https://www.aldi.com.au/en/groceries/fresh-produce/fresh-lamb/', 'https://www.aldi.com.au/en/groceries/fresh-produce/fresh-pork-leg-roast/#main-nav', 'https://www.aldi.com.au/en/groceries/fresh-produce/fresh-pork-leg-roast/', 'https://www.aldi.com.au/en/groceries/fresh-produce/chicken/#main-nav', 'https://www.aldi.com.au/en/groceries/fresh-produce/chicken/', 'https://www.aldi.com.au/en/groceries/fresh-produce/fresh-porterhouse-steak/#main-nav', 'https://www.aldi.com.au/en/groceries/fresh-produce/fresh-porterhouse-steak/', 'https://www.aldi.com.au/en/groceries/fresh-produce/fresh-tasmanian-salmon/#main-nav', 'https://www.aldi.com.au/en/groceries/fresh-produce/fresh-tasmanian-salmon/', 'https://www.aldi.com.au/en/groceries/fresh-produce/eggs/#main-nav', 'https://www.aldi.com.au/en/groceries/fresh-produce/eggs/', 'https://www.aldi.com.au/en/groceries/fresh-produce/pears/#main-nav', 'https://www.aldi.com.au/en/groceries/fresh-produce/pears/', 'https://www.aldi.com.au/en/groceries/fresh-produce/plums/#main-nav', 'https://www.aldi.com.au/en/groceries/fresh-produce/plums/', 'https://www.aldi.com.au/en/groceries/fresh-produce/figs/#main-nav', 'https://www.aldi.com.au/en/groceries/fresh-produce/figs/', 'https://www.aldi.com.au/en/groceries/fresh-produce/grapes/#main-nav', 'https://www.aldi.com.au/en/groceries/fresh-produce/grapes/', 'https://www.aldi.com.au/en/groceries/fresh-produce/cauliflower/#main-nav', 'https://www.aldi.com.au/en/groceries/fresh-produce/cauliflower/', 'https://www.aldi.com.au/en/groceries/fresh-produce/butternut-pumpkin/#main-nav', 'https://www.aldi.com.au/en/groceries/fresh-produce/butternut-pumpkin/', 'https://www.aldi.com.au/en/groceries/fresh-produce/kent-pumpkin/#main-nav', 'https://www.aldi.com.au/en/groceries/fresh-produce/kent-pumpkin/', 'https://www.aldi.com.au/en/groceries/fresh-produce/sweet-potato/#main-nav', 'https://www.aldi.com.au/en/groceries/fresh-produce/sweet-potato/', 'https://www.aldi.com.au/en/groceries/fresh-produce/brussels-sprouts/#main-nav', 'https://www.aldi.com.au/en/groceries/fresh-produce/brussels-sprouts/', 'https://www.aldi.com.au/en/groceries/fresh-produce/strawberries/#main-nav', 'https://www.aldi.com.au/en/groceries/fresh-produce/strawberries/', 'https://www.aldi.com.au/en/groceries/fresh-produce/bellino-tomatoes/#main-nav', 'https://www.aldi.com.au/en/groceries/fresh-produce/bellino-tomatoes/', 'https://www.aldi.com.au/en/groceries/fresh-produce/truss-tomatoes/#main-nav', 'https://www.aldi.com.au/en/groceries/fresh-produce/truss-tomatoes/', 'https://www.aldi.com.au/en/groceries/fresh-produce/sweet-corn/#main-nav', 'https://www.aldi.com.au/en/groceries/fresh-produce/sweet-corn/', 'https://www.aldi.com.au/en/groceries/fresh-produce/blueberries/#main-nav', 'https://www.aldi.com.au/en/groceries/fresh-produce/blueberries/', 'https://www.aldi.com.au/en/groceries/fresh-produce/fresh-herbs/#main-nav', 'https://www.aldi.com.au/en/groceries/fresh-produce/fresh-herbs/', 'https://www.aldi.com.au/en/groceries/baby/#main-nav', 'https://www.aldi.com.au/en/groceries/baby/', 'https://www.aldi.com.au/en/groceries/baby/nappies-and-wipes/', 'https://www.aldi.com.au/en/groceries/baby/baby-food/', 'https://www.aldi.com.au/en/groceries/beauty/', 'https://www.aldi.com.au/en/groceries/freezer/', 'https://www.aldi.com.au/en/groceries/health/', 'https://www.aldi.com.au/en/groceries/laundry-household/', 'https://www.aldi.com.au/en/groceries/liquor/#main-nav', 'https://www.aldi.com.au/en/groceries/liquor/', 'https://www.aldi.com.au/en/groceries/liquor/wine/', 'https://www.aldi.com.au/en/groceries/liquor/champagne-sparkling/', 'https://www.aldi.com.au/en/groceries/liquor/beer-cider/', 'https://www.aldi.com.au/en/groceries/liquor/spirits/', 'https://www.aldi.com.au/en/groceries/liquor/villa-elsa-chillable-red-2019-750ml/', 'https://www.aldi.com.au/en/groceries/pantry/#main-nav', 'https://www.aldi.com.au/en/groceries/pantry/', 'https://www.aldi.com.au/en/groceries/pantry/', 'https://www.aldi.com.au/en/groceries/pantry/olive-oil/', 'https://www.aldi.com.au/en/groceries/pantry/just-organic/', 'https://www.aldi.com.au/en/groceries/pantry/chocolate/', 'https://www.aldi.com.au/en/groceries/pantry/coffee/#main-nav', 'https://www.aldi.com.au/en/groceries/pantry/coffee/', 'https://www.aldi.com.au/en/about-aldi/returns-policy/', 'https://www.aldi.com.au/en/recipes/#main-nav', 'https://www.aldi.com.au/en/recipes/', 'https://www.aldi.com.au/en/recipes/fine-ish-dining/#main-nav', 'https://www.aldi.com.au/en/recipes/fine-ish-dining/', 'https://www.aldi.com.au/en/recipes/fine-ish-dining/spring-lamb-skewers-and-lemon-pilaf/', 'https://www.aldi.com.au/en/recipes/fine-ish-dining/green-mac-n-cheese/', 'https://www.aldi.com.au/en/recipes/fine-ish-dining/greek-lamb-and-chick-peas-with-tomato-garlic-bread-toasts/', 'https://www.aldi.com.au/en/recipes/fine-ish-dining/baked-fish-goujons/', 'https://www.aldi.com.au/en/recipes/fine-ish-dining/sticky-chicken-with-sweet-potato-chunks-and-corn-cobs/', 'https://www.aldi.com.au/en/recipes/fine-ish-dining/fine-ish-dining-hearty-and-healthy/#main-nav', 'https://www.aldi.com.au/en/recipes/fine-ish-dining/fine-ish-dining-hearty-and-healthy/', 'https://www.aldi.com.au/en/recipes/fine-ish-dining/fine-ish-dining-comfort-cook-ups/#main-nav', 'https://www.aldi.com.au/en/recipes/fine-ish-dining/fine-ish-dining-comfort-cook-ups/', 'https://www.aldi.com.au/en/recipes/fine-ish-dining/fine-ish-dining-winter-warmers/#main-nav', 'https://www.aldi.com.au/en/recipes/fine-ish-dining/fine-ish-dining-winter-warmers/', 'https://www.aldi.com.au/en/recipes/fine-ish-dining/fine-ish-dining-winter-feasts/#main-nav', 'https://www.aldi.com.au/en/recipes/fine-ish-dining/fine-ish-dining-winter-feasts/', 'https://www.aldi.com.au/en/recipes/fine-ish-dining/fine-ish-dining-dinner-winners/#main-nav', 'https://www.aldi.com.au/en/recipes/fine-ish-dining/fine-ish-dining-dinner-winners/', 'https://www.aldi.com.au/en/recipes/fine-ish-dining/fine-ish-dining-autumn-favourites/#main-nav', 'https://www.aldi.com.au/en/recipes/fine-ish-dining/fine-ish-dining-autumn-favourites/', 'https://www.aldi.com.au/en/recipes/fine-ish-dining/fine-ish-dining-ease-into-autumn/#main-nav', 'https://www.aldi.com.au/en/recipes/fine-ish-dining/fine-ish-dining-ease-into-autumn/', 'https://www.aldi.com.au/en/about-aldi/#main-nav', 'https://www.aldi.com.au/en/about-aldi/', 'https://www.aldi.com.au/en/about-aldi/aldi-corner-store/', 'https://www.aldi.com.au/en/shopping-at-aldi/store-locations-and-opening-hours/', 'https://www.aldi.com.au/en/about-aldi/returns-policy/', 'https://www.aldi.com.au/en/about-aldi/product-recalls/', 'https://www.aldi.com.au/en/about-aldi/product-manuals/', 'https://www.aldi.com.au/en/about-aldi/product-registration/', 'https://www.aldi.com.au/en/about-aldi/safety-data-sheets/', 'https://www.aldi.com.au/en/shopping-at-aldi/aldi-gift-cards/#main-nav', 'https://www.aldi.com.au/en/shopping-at-aldi/aldi-gift-cards/', 'https://www.aldi.com.au/en/about-aldi/aldi-gift-cards/gift-card-range/', 'https://www.aldi.com.au/en/about-aldi/aldi-gift-cards/aldi-balance-check/', 'https://www.aldi.com.au/en/about-aldi/aldi-gift-cards/aldi-gift-cards-terms-of-use/', 'https://www.aldi.com.au/en/about-aldi/aldi-gift-cards/gift-cards-faqs/', 'https://www.aldimobile.com.au/', 'https://www.aldi.com.au/en/about-aldi/responsibility-at-aldi/#main-nav', 'https://www.aldi.com.au/en/about-aldi/responsibility-at-aldi/', 'https://www.aldi.com.au/en/about-aldi/responsibility-at-aldi/follow-us-to-the-farm/#main-nav', 'https://www.aldi.com.au/en/about-aldi/responsibility-at-aldi/follow-us-to-the-farm/', 'https://www.aldi.com.au/en/about-aldi/good-different/', 'https://www.aldi.com.au/en/about-aldi/savings/', 'https://www.aldi.com.au/en/about-aldi/the-peoples-picks/', 'https://www.aldi.com.au/en/covid-19-updates/#main-nav', 'https://www.aldi.com.au/en/covid-19-updates/', 'https://www.aldi.com.au/en/special-buys/special-buys-product-delays/', 'https://www.aldi.com.au/en/covid-19-updates/customer-notices-covid-19-cases/', 'https://www.aldi.com.au/en/covid-19-updates/general-information/', 'https://www.aldi.com.au/en/covid-19-updates/commitments-thank-you/', 'https://help.aldi.com.au', 'https://shop.aldi.com.au/?pk_campaign=website&pk_source=aldi.com.au&pk_medium=web_carousel&pk_content=generic', 'https://www.aldi.com.au/en/groceries/super-savers/', 'https://www.aldi.com.au/en/special-buys/special-buys-wed-13-october/', 'https://www.aldi.com.au/en/special-buys/special-buys-sat-16-october/', 'https://www.aldi.com.au/en/groceries/super-savers/', 'https://www.aldi.com.au/en/special-buys/early-christmas-surprises/', '#', '#', 'https://www.aldi.com.au/en/special-buys/special-buys-product-delays/', 'https://www.aldi.com.au/en/shopping-at-aldi/store-locations-and-opening-hours/', 'https://www.aldicareers.com.au/Jobs', 'https://www.stockcheck.aldi.com.au/', 'https://www.shop.aldi.com.au/', 'https://www.aldi.com.au/en/groceries/super-savers/', 'https://www.aldi.com.au/en/special-buys/online-catalogue/', 'https://help.aldi.com.au/s/', 'https://www.aldi.com.au/en/about-aldi/product-recalls/', 'https://www.aldi.com.au/en/about-aldi/product-recalls/', 'https://www.scamwatch.gov.au/report-a-scam', 'https://www.aldi.com.au/en/groceries/liquor-licensing-acts/', '#header', 'https://www.aldi.com.au/en/aldi-australia/#print', 'https://www.aldi.com.au/en/aldi-australia/social-bookmarks.html', 'https://www.facebook.com/share.php?u=https%3A%2F%2Fwww.aldi.com.au%2Fen%2Faldi-australia%2F&t=ALDI+Australia', 'https://twitter.com/home?status=https%3A%2F%2Fwww.aldi.com.au%2Fen%2Faldi-australia%2F', 'https://www.youtube.com/user/ALDIAustralia', 'https://www.aldi.com.au/en/aldi-australia/social-bookmarks.html', 'https://www.facebook.com/ALDI.Australia', 'https://www.instagram.com/aldiaustralia/?hl=en', 'https://twitter.com/aldiaustralia', 'https://www.youtube.com/user/ALDIAustralia', 'https://www.aldi.com.au/en/about-aldi/awards/', 'https://www.aldi.com.au/en/privacy-policy/', 'https://www.aldi.com.au/en/data-protection/', 'https://www.aldi.com.au/en/legal-notice/', 'https://www.aldi.com.au/en/social-media-terms/', 'https://www.aldi.com.au/en/aldi-gift-cards-terms-of-use/', 'https://www.aldi.com.au/en/special-buys/', 'https://www.aldi.com.au/en/special-buys/early-christmas-surprises/', 'https://www.aldi.com.au/en/special-buys/', 'https://www.aldi.com.au/en/special-buys/special-buys-product-delays/', 'https://www.aldi.com.au/en/newsletter-sign-up/', 'http://www.stockcheck.aldi.com.au/', 'https://www.aldi.com.au/en/special-buys/online-catalogue/', 'https://www.aldi.com.au/en/newsletter-sign-up/newsletter-unsubscribe/', 'https://www.aldi.com.au/en/groceries/', 'https://www.aldi.com.au/en/groceries/super-savers/', 'https://www.aldi.com.au/en/groceries/price-reductions/', 'https://www.aldi.com.au/en/groceries/new-to-aldi/', 'https://www.aldi.com.au/en/groceries/fresh-produce/', 'https://www.aldi.com.au/en/groceries/baby/', 'https://www.aldi.com.au/en/groceries/beauty/', 'https://www.aldi.com.au/en/groceries/freezer/', 'https://www.aldi.com.au/en/groceries/health/', 'https://www.aldi.com.au/en/groceries/laundry-household/', 'https://www.aldi.com.au/en/groceries/liquor/', 'https://www.aldi.com.au/en/groceries/pantry/', 'https://www.aldi.com.au/en/about-aldi/returns-policy/', 'https://www.aldi.com.au/en/about-aldi/', 'https://www.aldi.com.au/en/about-aldi/aldi-corner-store/', 'https://www.aldi.com.au/en/shopping-at-aldi/store-locations-and-opening-hours/', 'https://www.aldi.com.au/en/about-aldi/returns-policy/', 'https://www.aldi.com.au/en/about-aldi/product-recalls/', 'https://www.aldi.com.au/en/about-aldi/product-manuals/', 'https://www.aldi.com.au/en/about-aldi/product-registration/', 'https://www.aldi.com.au/en/about-aldi/safety-data-sheets/', 'https://www.aldi.com.au/en/shopping-at-aldi/aldi-gift-cards/', 'https://www.aldimobile.com.au/', 'https://www.aldi.com.au/en/about-aldi/responsibility-at-aldi/', 'https://www.aldi.com.au/en/about-aldi/good-different/', 'https://www.aldi.com.au/en/about-aldi/savings/', 'https://www.aldi.com.au/en/about-aldi/the-peoples-picks/', 'https://www.aldi.com.au/en/covid-19-updates/', 'https://www.aldi.com.au/en/special-buys/special-buys-product-delays/', 'https://www.aldi.com.au/en/covid-19-updates/customer-notices-covid-19-cases/', 'https://www.aldi.com.au/en/covid-19-updates/general-information/', 'https://www.aldi.com.au/en/covid-19-updates/commitments-thank-you/']","<article id=""main-content"" class=""ym-g100 content--column"" tabindex=""-1""><!--TYPO3SEARCH_begin--><div id=""c443188"" class=""csc-default"">

	
	<div class=""tx-aldikeyvisual-pi1"">
		<div class=""ym-grid linearize-100-phone"">
			
		<div class=""ym-g100 keyvisual--slider--container m-full-width"">
			

	
			
				
			
				
			
			

			<div class=""keyvisual--slider gm-list-styles-off"">
				<ul class=""keyvisual--slider--slides ym-clearfix"">
					
						<li class=""keyvisual--slider--slide"">
							
							
								

	
		<span class=""ratio-container m-ratio-79x30"">
			
					<a href=""https://shop.aldi.com.au/?pk_campaign=website&amp;pk_source=aldi.com.au&amp;pk_medium=web_carousel&amp;pk_content=generic"" target=""_blank"" data-track-keyvisual="""" data-content-target="""" data-content-name=""W40 eComm banner"" data-content-ignoreinteraction="""">
						<noscript data-type=""responsive-image-data"" data-lazy-images=""0"" data-responsive-data='{""img-small"":{""src"":""https:\/\/www.aldi.com.au\/fileadmin\/fm-dam\/images\/E-COMM\/2021\/W40\/Banners\/Responsive\/ALN3285-2_SB-E-COMM__FREEZER-FRIDGE__CB_MOB_369x298.jpg"",""width"":369,""height"":298},""img-medium"":{},""img-large"":{""src"":""https:\/\/www.aldi.com.au\/fileadmin\/fm-dam\/images\/E-COMM\/2021\/W40\/Banners\/ALN3285-1_SB-E-COMM__FREEZER-FRIDGE__CB_DESKTOP_948x360.jpg"",""width"":948,""height"":360}}' data-alt='&lt;img data-content-piece width=""948"" height=""360""  class=""keyvisual--banner m-full""  alt="""" /&gt;'><img data-content-piece src=""https://www.aldi.com.au/fileadmin/fm-dam/images/E-COMM/2021/W40/Banners/ALN3285-1_SB-E-COMM__FREEZER-FRIDGE__CB_DESKTOP_948x360.jpg"" width=""948"" height=""360"" class=""keyvisual--banner m-full"" alt=""""></noscript>
					</a>
				
		</span>
	


							
						</li>
					
						<li class=""keyvisual--slider--slide"">
							
							
								

	
		<span class=""ratio-container m-ratio-79x30"">
			
					<a href=""https://www.aldi.com.au/en/groceries/super-savers/"" data-track-keyvisual="""" data-content-target="""" data-content-name=""SSV"" data-content-ignoreinteraction="""" data-no-autotrack="""">
						<noscript data-type=""responsive-image-data"" data-lazy-images=""0"" data-responsive-data='{""img-small"":{""src"":""https:\/\/www.aldi.com.au\/fileadmin\/fm-dam\/Products\/Groceries\/Super_Savers\/2021\/Banners\/Responsive\/ALN3612-6_SS_CB_MOB_369x298__CHICKEN-BREAST_.jpg"",""width"":369,""height"":298},""img-medium"":{},""img-large"":{""src"":""https:\/\/www.aldi.com.au\/fileadmin\/fm-dam\/Products\/Groceries\/Super_Savers\/2021\/Banners\/ALN3612-4_SS_CB_DESKTOP_948x360__CHICKEN-BREAST_.jpg"",""width"":948,""height"":360}}' data-alt='&lt;img data-content-piece width=""948"" height=""360""  class=""keyvisual--banner m-full""  alt="""" /&gt;'><img data-content-piece src=""https://www.aldi.com.au/fileadmin/fm-dam/Products/Groceries/Super_Savers/2021/Banners/ALN3612-4_SS_CB_DESKTOP_948x360__CHICKEN-BREAST_.jpg"" width=""948"" height=""360"" class=""keyvisual--banner m-full"" alt=""""></noscript>
					</a>
				
		</span>
	


							
						</li>
					
						<li class=""keyvisual--slider--slide"">
							
							
								

	
		<span class=""ratio-container m-ratio-79x30"">
			
					<a href=""https://www.aldi.com.au/en/special-buys/special-buys-wed-13-october/"" data-track-keyvisual="""" data-content-target="""" data-content-name=""W41 WED SB"" data-content-ignoreinteraction="""" data-no-autotrack="""">
						<noscript data-type=""lazy-image-data"" data-lazy-images=""0"" data-responsive-data='{""img-small"":{""src"":""https:\/\/www.aldi.com.au\/fileadmin\/fm-dam\/Products\/Special_Buys\/Special_Buys_2021\/Week_41\/MISC\/Responsive\/W41_CB_SPECIAL_BUYS_MOB_369x298_.jpg"",""width"":369,""height"":298},""img-medium"":{},""img-large"":{""src"":""https:\/\/www.aldi.com.au\/fileadmin\/fm-dam\/Products\/Special_Buys\/Special_Buys_2021\/Week_41\/MISC\/W41_CB_SPECIAL_BUYS_DESKTOP_948x360_.jpg"",""width"":948,""height"":360}}' data-alt='&lt;img data-content-piece width=""948"" height=""360""  class=""keyvisual--banner m-full""  alt="""" /&gt;'><img data-content-piece src=""https://www.aldi.com.au/fileadmin/fm-dam/Products/Special_Buys/Special_Buys_2021/Week_41/MISC/W41_CB_SPECIAL_BUYS_DESKTOP_948x360_.jpg"" width=""948"" height=""360"" class=""keyvisual--banner m-full"" alt=""""></noscript>
					</a>
				
		</span>
	


							
						</li>
					
						<li class=""keyvisual--slider--slide"">
							
							
								

	
		<span class=""ratio-container m-ratio-79x30"">
			
					<a href=""https://www.aldi.com.au/en/special-buys/special-buys-sat-16-october/"" data-track-keyvisual="""" data-content-target="""" data-content-name=""W41 SAT SB"" data-content-ignoreinteraction="""" data-no-autotrack="""">
						<noscript data-type=""lazy-image-data"" data-lazy-images=""0"" data-responsive-data='{""img-small"":{""src"":""https:\/\/www.aldi.com.au\/fileadmin\/fm-dam\/Products\/Special_Buys\/Special_Buys_2021\/Week_41\/MISC\/Responsive\/W41_CB_SPECIAL_BUYS_MOB_369x298_2.jpg"",""width"":369,""height"":298},""img-medium"":{},""img-large"":{""src"":""https:\/\/www.aldi.com.au\/fileadmin\/fm-dam\/Products\/Special_Buys\/Special_Buys_2021\/Week_41\/MISC\/W41_CB_SPECIAL_BUYS_DESKTOP_948x360_2.jpg"",""width"":948,""height"":360}}' data-alt='&lt;img data-content-piece width=""948"" height=""360""  class=""keyvisual--banner m-full""  alt="""" /&gt;'><img data-content-piece src=""https://www.aldi.com.au/fileadmin/fm-dam/Products/Special_Buys/Special_Buys_2021/Week_41/MISC/W41_CB_SPECIAL_BUYS_DESKTOP_948x360_2.jpg"" width=""948"" height=""360"" class=""keyvisual--banner m-full"" alt=""""></noscript>
					</a>
				
		</span>
	


							
						</li>
					
						<li class=""keyvisual--slider--slide"">
							
							
								

	
		<span class=""ratio-container m-ratio-79x30"">
			
					<a href=""https://www.aldi.com.au/en/groceries/super-savers/"" data-track-keyvisual="""" data-content-target="""" data-content-name=""SSV Dinner"" data-content-ignoreinteraction="""" data-no-autotrack="""">
						<noscript data-type=""lazy-image-data"" data-lazy-images=""0"" data-responsive-data='{""img-small"":{""src"":""https:\/\/www.aldi.com.au\/fileadmin\/fm-dam\/images\/Dinner\/Banners\/Responsive\/ALN3589-8_DINNER_CB_MOB_369x298.jpg"",""width"":492,""height"":397},""img-medium"":{},""img-large"":{""src"":""https:\/\/www.aldi.com.au\/fileadmin\/_processed_\/8\/f\/csm_ALN3589-7_DINNER_CB_DESKTOP_948x360_3f6db6f0bb.jpg"",""width"":948,""height"":360}}' data-alt='&lt;img data-content-piece width=""948"" height=""360""  class=""keyvisual--banner m-full""  alt="""" /&gt;'><img data-content-piece src=""https://www.aldi.com.au/fileadmin/_processed_/8/f/csm_ALN3589-7_DINNER_CB_DESKTOP_948x360_3f6db6f0bb.jpg"" width=""948"" height=""360"" class=""keyvisual--banner m-full"" alt=""""></noscript>
					</a>
				
		</span>
	


							
						</li>
					
						<li class=""keyvisual--slider--slide"">
							
							
								

	
		<span class=""ratio-container m-ratio-79x30"">
			
					<a href=""https://www.aldi.com.au/en/special-buys/early-christmas-surprises/"" data-track-keyvisual="""" data-content-target="""" data-content-name=""CHRISTMAS"" data-content-ignoreinteraction="""" data-no-autotrack="""">
						<noscript data-type=""lazy-image-data"" data-lazy-images=""0"" data-responsive-data='{""img-small"":{""src"":""https:\/\/www.aldi.com.au\/fileadmin\/fm-dam\/images\/Christmas_2021\/Soft_Launch\/Banners\/Responsive\/ALN3586-2_SL_CB_MOBILE_369x298.jpg"",""width"":369,""height"":298},""img-medium"":{},""img-large"":{""src"":""https:\/\/www.aldi.com.au\/fileadmin\/fm-dam\/images\/Christmas_2021\/Soft_Launch\/Banners\/ALN3586-1_SL_CB_DESKTOP_948x360.jpg"",""width"":948,""height"":360}}' data-alt='&lt;img data-content-piece width=""948"" height=""360""  class=""keyvisual--banner m-full""  alt="""" /&gt;'><img data-content-piece src=""https://www.aldi.com.au/fileadmin/fm-dam/images/Christmas_2021/Soft_Launch/Banners/ALN3586-1_SL_CB_DESKTOP_948x360.jpg"" width=""948"" height=""360"" class=""keyvisual--banner m-full"" alt=""""></noscript>
					</a>
				
		</span>
	


							
						</li>
					
				</ul>
				<div class=""keyvisual--slider--direction-nav-container"" aria-hidden=""true"">
					<ul class=""keyvisual--slider--direction-nav"">
						<li class=""keyvisual--slider--nav-prev"">
							<a class=""keyvisual--slider--prev"" href=""#"" tabindex=""-1"">
								<svg version=""1.1"" xmlns=""http://www.w3.org/2000/svg"" xmlns:xlink=""http://www.w3.org/1999/xlink"" width=""40px"" height=""40px"" x=""0px"" y=""0px"" viewbox=""0 0 40 40"" xml:space=""preserve"" focusable=""false"" aria-hidden=""true"">
									<path fill-rule=""evenodd"" clip-rule=""evenodd"" fill=""currentColor"" d=""M21.84,14.24c-0.08-0.04-0.17-0.04-0.24,0l-5.31,5.59c-0.07,0.04-0.12,0.12-0.12,0.21
										c0,0.09,0.04,0.16,0.12,0.21l5.31,5.59c0.04,0.02,0.08,0.03,0.13,0.03c0.04,0,0.08-0.01,0.12-0.03c0.08-0.04,0.12-0.12,0.12-0.21
										V14.45C21.96,14.36,21.91,14.28,21.84,14.24z""></path>
								</svg>
							</a>
						</li>
						<li class=""keyvisual--slider--nav-next"">
							<a class=""keyvisual--slider--next"" href=""#"" tabindex=""-1"">
								<svg version=""1.1"" xmlns=""http://www.w3.org/2000/svg"" xmlns:xlink=""http://www.w3.org/1999/xlink"" width=""40px"" height=""40px"" x=""0px"" y=""0px"" viewbox=""0 0 38 40"" xml:space=""preserve"" focusable=""false"" aria-hidden=""true"">
									<path fill-rule=""evenodd"" clip-rule=""evenodd"" fill=""currentColor"" d=""M16.16,14.45v11.18c0,0.09,0.05,0.17,0.12,0.21c0.04,0.02,0.08,0.03,0.12,0.03c0.04,0,0.09-0.01,0.13-0.03
										l5.31-5.59c0.07-0.04,0.12-0.12,0.12-0.21c0-0.09-0.04-0.16-0.12-0.21l-5.31-5.59c-0.08-0.05-0.17-0.05-0.24,0
										C16.21,14.28,16.16,14.36,16.16,14.45z""></path>
								</svg>
							</a>
						</li>
					</ul>
				</div>
			</div>
			<div class=""keyvisual--slider--slide-numbers"" aria-hidden=""true"">
				<span class=""keyvisual--slider--current-slide"">1</span> /
				<span class=""keyvisual--slider--total-slides"">
					6
				</span>
			</div>
		


		</div>
		
			
				

	<div class=""ym-g25 m-g50-phablet m-g33-tablet ym-gl"">
		
			

	
		<span class=""ratio-container m-ratio-38x29"">
			
					<a href=""https://www.aldi.com.au/en/special-buys/special-buys-product-delays/"" data-track-keyvisual="""" data-content-target="""" data-content-name=""Product Delays"" data-content-ignoreinteraction="""">
						<img data-content-piece src=""https://www.aldi.com.au/fileadmin/fm-dam/images/COVID-19/Product_Delays/ALN2973-3_TB_COVID_228x174.jpg"" width=""228"" height=""174"" class=""keyvisual--banner"" alt="""">
					</a>
				
		</span>
	


		
		
		
		
	</div>

			
				

	<div class=""ym-g25 m-g50-phablet m-g33-tablet ym-gl"">
		
			

	
		<span class=""ratio-container m-ratio-38x29"">
			
					<a href=""https://www.aldi.com.au/en/shopping-at-aldi/store-locations-and-opening-hours/"" data-track-keyvisual="""" data-content-target="""" data-content-name=""Store Locator"" data-content-ignoreinteraction="""">
						<img data-content-piece src=""https://www.aldi.com.au/fileadmin/fm-dam/images/Store_Locations_Opening_Hours/ALN2364-3_TB__STORE-LOCATER__228x174_R.jpg"" width=""228"" height=""174"" class=""keyvisual--banner"" alt="""">
					</a>
				
		</span>
	


		
		
		
		
	</div>

			
				

	<div class=""ym-g25 m-g50-phablet m-g33-tablet ym-gl"">
		
			

	
		<span style=""padding-bottom: 76.42105%;"" class=""ratio-container"">
			
					<a href=""https://www.aldicareers.com.au/Jobs"" target=""_blank"" data-track-keyvisual="""" data-content-target="""" data-content-name=""Recruitment"" data-content-ignoreinteraction="""">
						<img data-content-piece src=""https://www.aldi.com.au/fileadmin/_processed_/1/6/csm_ALN3592-8_TILE_RECRUITMENT_228x174_52f16e8fde.jpg"" width=""228"" height=""174"" class=""keyvisual--banner"" alt="""">
					</a>
				
		</span>
	


		
		
		
		
	</div>

			
				

	<div class=""ym-g25 m-g50-phablet m-g33-tablet ym-gl"">
		
			

	
		<span class=""ratio-container m-ratio-38x29"">
			
					<a href=""https://www.stockcheck.aldi.com.au/"" target=""_blank"" data-track-keyvisual="""" data-content-target="""" data-content-name=""Stocker checker"" data-content-ignoreinteraction="""">
						<img data-content-piece src=""https://www.aldi.com.au/fileadmin/fm-dam/images/Stock_Checker/Banners/ALN3068-3_STOCK_CHECK_TB_228x174.jpg"" width=""228"" height=""174"" class=""keyvisual--banner"" alt="""">
					</a>
				
		</span>
	


		
		
		
		
	</div>

			
				

	<div class=""ym-g25 m-g50-phablet m-g33-tablet ym-gl"">
		
			

	
		<span class=""ratio-container m-ratio-38x29"">
			
					<a href=""https://www.shop.aldi.com.au/"" target=""_blank"" data-track-keyvisual="""" data-content-target="""" data-content-name=""Online Exclusives"" data-content-ignoreinteraction="""">
						<img data-content-piece src=""https://www.aldi.com.au/fileadmin/fm-dam/images/E-COMM/2021/Banners/ALN3285-12_SB_E-COMMERCE-BUY-NOW_TB_228x174_2_R2.jpg"" width=""228"" height=""174"" class=""keyvisual--banner"" alt="""">
					</a>
				
		</span>
	


		
		
		
		
	</div>

			
				

	<div class=""ym-g25 m-g50-phablet m-g33-tablet ym-gl"">
		
			

	
		<span class=""ratio-container m-ratio-38x29"">
			
					<a href=""https://www.aldi.com.au/en/groceries/super-savers/"" data-track-keyvisual="""" data-content-target="""" data-content-name=""Super Savers"" data-content-ignoreinteraction="""">
						<img data-content-piece src=""https://www.aldi.com.au/fileadmin/fm-dam/Products/Groceries/Super_Savers/2019/A-Generic_Banners/ALN2364-5_TB__SUPER-SAVERS__228x174_R.jpg"" width=""228"" height=""174"" class=""keyvisual--banner"" alt="""">
					</a>
				
		</span>
	


		
		
		
		
	</div>

			
				

	<div class=""ym-g25 m-g50-phablet m-g33-tablet ym-gl"">
		
			

	
		<span class=""ratio-container m-ratio-38x29"">
			
					<a href=""https://www.aldi.com.au/en/special-buys/online-catalogue/"" data-track-keyvisual="""" data-content-target="""" data-content-name=""DigiCat W39"" data-content-ignoreinteraction="""">
						<img data-content-piece src=""https://www.aldi.com.au/fileadmin/fm-dam/Products/Special_Buys/Special_Buys_2021/Week_41/MISC/ALN3361-11_DIGITAL-CATALOGUE_228x174__W41__tb.jpg"" width=""228"" height=""174"" class=""keyvisual--banner"" alt="""">
					</a>
				
		</span>
	


		
		
		
		
	</div>

			
				

	<div class=""ym-g25 m-g50-phablet m-g33-tablet ym-gl"">
		
			

	
		<span class=""ratio-container m-ratio-38x29"">
			
					<a href=""https://help.aldi.com.au/s/"" target=""_blank"">
						<img src=""https://www.aldi.com.au/fileadmin/fm-dam/images/Help_Centre/ALN3400-1_TB__HELP-CENTRE__228x174.jpg"" width=""228"" height=""174"" class=""keyvisual--banner"" alt="""">
					</a>
				
		</span>
	


		
		
		
		
	</div>

			
		
	
		</div>
	</div>
</div><div id=""c493907"" class=""csc-default""><div class=""csc-textpic csc-textpic-center csc-textpic-above ym-clearfix""><div class=""csc-textpic-imagewrap"" style=""max-width:948px;""><figure class=""csc-textpic-image csc-textpic-last"" style=""max-width:948px;""><span style=""padding-bottom: 18.98734%;"" class=""ratio-container""><a href=""https://www.aldi.com.au/en/about-aldi/product-recalls/""><noscript data-type=""responsive-image-data"" data-lazy-images=""0"" data-responsive-data='{""img-small"":{""src"":""https:\/\/www.aldi.com.au\/fileadmin\/fm-dam\/images\/Product_Recalls\/2021\/Banners\/Responsive\/ALN3272-2_HH-KVB_PRODUCT-RECALL_GENERIC__MOB_1416x360.jpg"",""width"":1416,""height"":360},""img-medium"":{},""img-large"":{""src"":""https:\/\/www.aldi.com.au\/fileadmin\/fm-dam\/images\/Product_Recalls\/2021\/Banners\/ALN3272-1_HH-KVB_PRODUCT-RECALL_GENERIC__DESKTOP_948x180.jpg"",""width"":948,""height"":180}}' data-alt='&lt;img width=""948"" height=""180""   alt="""" /&gt;'><img src=""https://www.aldi.com.au/fileadmin/fm-dam/images/Product_Recalls/2021/Banners/ALN3272-1_HH-KVB_PRODUCT-RECALL_GENERIC__DESKTOP_948x180.jpg"" width=""948"" height=""180"" alt=""""></noscript></a></span></figure></div></div></div><div id=""c2471"" class=""section-frame m-bluegrey csc-frame-without-header""><h2>Welcome to ALDI.</h2><h2>People call us different. We take it as a compliment.</h2>
<p>Whether you visit us for our everyday groceries, or visit on Wednesdays and Saturdays for our weekly Special Buys™, there’s nothing like shopping at an ALDI supermarket. We do things differently, but for a very good reason: our commitment to bringing you the lowest possible prices on a wide range of high quality products.</p>
<p>So try your local ALDI store today - you might walk in to do the grocery shopping and walk out with a new lawnmower as well.</p></div><div id=""c13353"" class=""csc-default""><p> <b>Product Recall</b><span style=""background-color: rgb(255, 255, 255);"">: There are active Product Recall Notices, see </span><a href=""https://www.aldi.com.au/en/about-aldi/product-recalls/"" target=""_blank"" class=""external-link-new-window"">here</a></p></div><div id=""c56241"" class=""csc-default""><h4>SCAM ALERT – Gift vouchers, emails and websites:</h4><p><span style=""background-color: rgb(255, 255, 255);"">Customers please note that there are an increasing number of websites, emails, competitions, Facebook promotions and SMS marketing that purportedly give away free ALDI vouchers or gift cards. </span><span style=""background-color: rgb(255, 255, 255);"">Please be wary of these scams asking you for personal information, sharing emails or links, responding to text messages with your personal details or calling a phone number to win. These are not associated with ALDI Australia. </span><span style=""background-color: rgb(255, 255, 255);"">Any competition run by ALDI Australia would be communicated via this website, our email newsletter or our official ALDI Australia Facebook page. </span><span style=""background-color: rgb(255, 255, 255);"">You can assist the ACCC by reporting this fraudulent activity to the </span><a href=""https://www.scamwatch.gov.au/report-a-scam"" target=""_blank"" class=""external-link-new-window"">Scamwatch</a><span style=""background-color: rgb(255, 255, 255);""> website. </span></p></div><div id=""c84916"" class=""csc-default""><div class=""csc-textpic-intext-left-nowrap ym-clearfix csc-textpic-intext-left-nowrap-62""><div class=""text-image--float-left""><div class=""csc-textpic-imagewrap"" style=""max-width:50px;""><figure class=""csc-textpic-image csc-textpic-last"" style=""max-width:50px;""><img src=""https://www.aldi.com.au/fileadmin/fm-dam/Products/Groceries/Liquor/Liquor_Products_Phase_2/ALCOHOL_25_ID_LOGO_WEB_120cd1b144-1.jpg"" width=""50"" height=""43"" alt=""""></figure></div></div><div class=""csc-textpic-text content-text""><p><b><i>ACT Warning: </i></b><i>Liquor Act 2010 - A person must not sell or supply liquor to a person under 18 years old on premises where the sale or supply of liquor is authorised or in a public place. Maximum Penalty $5,500; <b>NSW Warning: </b>Liquor Act 2007 - It is against the law to sell or supply liquor to, or to obtain on behalf of, a person under the age of 18 years;<b> VIC Warning: </b>Under the Liquor Control Reform Act 1998 it is an offence to supply alcohol to a person under the age of 18 years (penalty exceeds $17,000), and for a person under the age of 18 years to purchase or receive liquor (penalty exceeds $700); <b>WA Warning: </b>Under the Liquor Control Act 1988, it is an offence to sell or supply liquor to a person under the age of 18 years on licensed or regulated premises; or for a person under the age of 18 years to purchase, or attempt to purchase, liquor on licensed or regulated premises.  For more specific legislation in your state or territory, visit our <a href=""https://www.aldi.com.au/en/groceries/liquor-licensing-acts/""><b>Liquor Licences</b></a> page.</i></p></div></div></div><!--TYPO3SEARCH_end--></article>"
